<?xml version="1.0" encoding="UTF-8"?>
<vivadoHLSLog:LogRoot xmlns:vivadoHLSLog="www.xilinx.com/vivadoHLSLog">
  <errorLogs>
    <logs>
      <csimLog>
        <logs message="ERROR: [SIM 211-100] 'csim_design' failed: nonzero return value." projectName="hls_proj" solutionName="baseline" date="2018-03-26T21:50:05.758-0600"/>
        <logs message="@E Simulation failed: Function 'main' returns nonzero value '1'." projectName="hls_proj" solutionName="baseline" date="2018-03-26T21:50:05.744-0600"/>
        <logs message="ERROR: HW and SW results mismatch&#xD;&#xA;" projectName="hls_proj" solutionName="baseline" date="2018-03-26T21:50:05.711-0600"/>
        <logs message="ERROR: [SIM 211-100] 'csim_design' failed: compilation error(s)." projectName="hls_proj" solutionName="baseline" date="2018-03-26T21:48:44.252-0600"/>
        <logs message="ERROR: [SIM 211-100] 'csim_design' failed: compilation error(s)." projectName="hls_proj" solutionName="baseline" date="2018-03-26T21:47:04.727-0600"/>
      </csimLog>
    </logs>
  </errorLogs>
  <warningLogs>
    <logs>
      <csimLog/>
    </logs>
  </warningLogs>
</vivadoHLSLog:LogRoot>
